<?xml version="1.0"?>
<ruleset name="MySource">
 <description>The MySource coding standard builds on the Squiz coding standard. Currently used for MySource Mini development.</description>

 <exclude-pattern>*/Tests/*</exclude-pattern>
 <exclude-pattern>*/Oven/*</exclude-pattern>
 <exclude-pattern>*/data/*</exclude-pattern>
 <exclude-pattern>DALConf.inc</exclude-pattern>

 <!-- Include the whole Squiz standard except FunctionComment, which we override -->
 <rule ref="Squiz">
  <exclude name="Squiz.Commenting.FunctionComment"/>
 </rule>

</ruleset>
